中文标准名,标准匹配名,英文常见名,分类,每100g热量kcal,每100g蛋白g,每100g碳水g,每100g脂肪g,默认份量,默认份量克重,默认存放,是否规格敏感,数据来源,备注
鸡蛋(带壳去壳生),鸡蛋,egg (whole raw),蛋白,143,12.6,0.7,9.5,1个(大),50,冷藏,否,USDA FDC 171287,标准全蛋
牛肉(瘦生),牛肉,beef lean (raw),蛋白,150,21.0,0,7.0,1份,100,冷藏,是,USDA FDC,参考瘦牛肉;肥瘦部位差异大以标签为准
牛排(西冷生),牛排,sirloin steak (raw),蛋白,183,21.2,0,10.6,1份,150,冷藏,是,USDA FDC,部位差异大(西冷/眼肉/菲力)以标签为准
猪肉(瘦生),猪肉,pork lean (raw),蛋白,143,21.0,0,6.0,1份,100,冷藏,是,USDA FDC,参考里脊;五花肉热量高很多
猪蹄(生),猪蹄,pork feet / trotter (raw),蛋白,212,23.2,0,12.6,1份,150,冷藏,否,USDA FDC,高胶原;红烧后加糖油热量升高
鸡胸肉(去皮生),鸡胸肉,chicken breast skinless (raw),蛋白,120,22.5,0,2.6,1块,120,冷藏,否,USDA FDC 171077,熟制后约165kcal/31g蛋白
三文鱼(生),三文鱼,salmon atlantic (raw),蛋白,208,20.4,0,13.4,1份,100,冷藏,是,USDA FDC,养殖/野生脂肪不同
虾(去壳生),虾,shrimp (raw),蛋白,85,20.3,0.2,0.5,1份,100,冷冻,否,USDA FDC,
金枪鱼(水浸罐头沥干),金枪鱼,tuna canned in water,蛋白,116,25.5,0,0.8,1罐(小),100,常温,是,USDA FDC,油浸罐头需另建条目
豆腐(嫩/南豆腐),豆腐,tofu soft,蛋白,76,8.1,1.9,4.8,1块,100,冷藏,是,USDA FDC,老豆腐(北豆腐)约98-144kcal需另建条目
希腊酸奶(原味脱脂),希腊酸奶,greek yogurt plain nonfat,蛋白,59,10.3,3.6,0.4,1杯,170,冷藏,是,USDA FDC,全脂/加糖差异大以品牌标签为准
米饭(熟),米饭,white rice cooked,主食,130,2.7,28.2,0.3,1碗,150,冷藏,否,USDA FDC 168878,长粒白米熟
糙米(熟),糙米,brown rice cooked,主食,123,2.7,25.6,1.0,1碗,150,冷藏,否,USDA FDC,
藜麦(熟),藜麦,quinoa cooked,主食,120,4.4,21.3,1.9,1份,150,冷藏,否,USDA FDC,
意大利面(熟),意大利面,pasta cooked,主食,157,5.8,30.9,0.9,1份,150,冷藏,否,USDA FDC,干意面约371kcal/100g
面条(挂面熟),面条,wheat noodles cooked,主食,138,4.5,25.0,0.9,1份,150,冷藏,否,USDA FDC,挂面/乌冬类;含油泡面需另建条目
面包(白吐司),面包,white bread,主食,265,9.0,49.0,3.2,1片,30,常温,是,USDA FDC,全麦约247kcal
燕麦片(干),燕麦片,rolled oats dry,主食,389,16.9,66.3,6.9,1份,40,常温,否,USDA FDC,即食含糖燕麦片需另建条目
土豆(生),土豆,potato (raw),主食,77,2.0,17.5,0.1,1个(中),150,常温,否,USDA FDC,煮熟约87kcal
红薯(生),红薯,sweet potato (raw),主食,86,1.6,20.1,0.1,1个(中),130,常温,否,USDA FDC,
甜玉米(煮粒),甜玉米,sweet corn cooked,主食,96,3.4,21.0,1.5,1份,100,冷藏,否,USDA FDC,
菠菜(生),菠菜,spinach (raw),蔬菜,23,2.9,3.6,0.4,1把,100,冷藏,否,USDA FDC,
生菜(生),生菜,lettuce (raw),蔬菜,15,1.4,2.9,0.2,1份,50,冷藏,否,USDA FDC,罗马生菜约17kcal
羽衣甘蓝(生),羽衣甘蓝,kale (raw),蔬菜,35,2.9,4.4,1.5,1份,50,冷藏,否,USDA FDC,
香菇(鲜生),香菇,shiitake mushroom (raw),蔬菜,34,2.2,6.8,0.5,1份,50,冷藏,否,USDA FDC,干香菇需另建条目
蘑菇(白蘑菇生),蘑菇,white mushroom (raw),蔬菜,22,3.1,3.3,0.3,1份,50,冷藏,否,USDA FDC,
番茄(生),番茄,tomato (raw),蔬菜,18,0.9,3.9,0.2,1个(中),120,常温,否,USDA FDC,
小番茄(生),小番茄,cherry tomato (raw),蔬菜,18,0.9,3.9,0.2,1份,100,常温,否,USDA FDC,与番茄接近
黄瓜(带皮生),黄瓜,cucumber (raw),蔬菜,15,0.7,3.6,0.1,1根,150,冷藏,否,USDA FDC,
西兰花(生),西兰花,broccoli (raw),蔬菜,34,2.8,6.6,0.4,1份,100,冷藏,否,USDA FDC,
胡萝卜(生),胡萝卜,carrot (raw),蔬菜,41,0.9,9.6,0.2,1根,60,冷藏,否,USDA FDC,
洋葱(生),洋葱,onion (raw),蔬菜,40,1.1,9.3,0.1,1/4个,40,常温,否,USDA FDC,多作调味亦可主料
彩椒(甜椒生),彩椒,bell pepper (raw),蔬菜,31,1.0,6.0,0.3,1个,120,冷藏,否,USDA FDC,红黄椒略高于青椒
西葫芦(生),西葫芦,zucchini (raw),蔬菜,17,1.2,3.1,0.3,1份,100,冷藏,否,USDA FDC,
茄子(生),茄子,eggplant (raw),蔬菜,25,1.0,5.9,0.2,1份,100,冷藏,否,USDA FDC,
卷心菜(生),卷心菜,cabbage (raw),蔬菜,25,1.3,5.8,0.1,1份,100,冷藏,否,USDA FDC,
蓝莓(生),蓝莓,blueberries (raw),水果,57,0.7,14.5,0.3,1把,50,冷藏,否,USDA FDC,
香蕉(生),香蕉,banana (raw),水果,89,1.1,22.8,0.3,1根(中),120,常温,否,USDA FDC,
桃子(生),桃子,peach (raw),水果,39,0.9,9.5,0.3,1个,150,常温,否,USDA FDC,
牛油果(生),牛油果,avocado (raw),水果,160,2.0,8.5,14.7,半个,100,常温,否,USDA FDC,
苹果(带皮生),苹果,apple (raw),水果,52,0.3,13.8,0.2,1个(中),180,常温,否,USDA FDC,
全脂牛奶,全脂牛奶,whole milk 3.25%,乳制品,61,3.2,4.8,3.3,1杯,240,冷藏,否,USDA FDC,
低脂牛奶(2%),低脂牛奶,reduced fat milk 2%,乳制品,50,3.4,4.9,2.0,1杯,240,冷藏,是,USDA FDC,1%约42kcal需另建条目
酸奶(原味全脂),酸奶,plain whole milk yogurt,乳制品,61,3.5,4.7,3.3,1杯,150,冷藏,是,USDA FDC,加糖酸奶差异大
无糖酸奶(原味低脂),无糖酸奶,plain low fat yogurt,乳制品,63,5.3,7.0,1.6,1杯,150,冷藏,是,USDA FDC,
奶酪(切达),奶酪,cheddar cheese,乳制品,403,24.9,3.1,33.1,1片,20,冷藏,是,USDA FDC,其他品种需另建条目
布拉塔(牛奶),布拉塔,burrata cheese,乳制品,330,16.0,3.0,29.0,1份,60,冷藏,是,品牌标签(近似需核实),营养为近似值;马苏里拉加奶油;非羊制品建议核实
杏仁,杏仁,almonds,零食,579,21.2,21.6,49.9,1把,15,常温,否,USDA FDC,生/烤/盐焗略有差异
橄榄油,橄榄油,olive oil,调味品,884,0,0,100,1汤匙,14,常温,否,USDA FDC,高热量记录项
花生酱,花生酱,peanut butter,调味品,588,25.1,20.0,50.0,1汤匙,16,常温,是,USDA FDC,含糖/无糖差异
芝麻酱,芝麻酱,tahini,调味品,595,17.0,21.2,53.8,1汤匙,15,常温,是,USDA FDC,高热量记录项
白砂糖,白砂糖,white sugar,调味品,387,0,99.8,0,1茶匙,4,常温,否,USDA FDC,
